release_title,visible_serial,hidden_secure_id,edition_size,access_tier,verification_status,product_slug
T.B.H,T.B.H // 01/100,tbh_d939844924cf40039a5049887c5d40ff,100,verified_collector,active,exc-card-tbh
T.B.H,T.B.H // 02/100,tbh_6483ae1e9b5440dbbdabbd60180d93a5,100,verified_collector,active,exc-card-tbh
T.B.H,T.B.H // 03/100,tbh_383d3e2c76fa46539cfe7209b4236f31,100,verified_collector,active,exc-card-tbh
T.B.H,T.B.H // 04/100,tbh_a2c80ae7967b4e12948313265cfebf78,100,verified_collector,active,exc-card-tbh
T.B.H,T.B.H // 05/100,tbh_ffdb4c094d0e48f0bfdd7192727a7fe6,100,verified_collector,active,exc-card-tbh
T.B.H,T.B.H // 06/100,tbh_d2cb70ec5fcb45b49139eedc1b2d8995,100,verified_collector,active,exc-card-tbh
T.B.H,T.B.H // 07/100,tbh_a1965c42d8fd4840a028e97c904bf0c7,100,verified_collector,active,exc-card-tbh
T.B.H,T.B.H // 08/100,tbh_95416341b1a248179123b2858720f857,100,verified_collector,active,exc-card-tbh
T.B.H,T.B.H // 09/100,tbh_d8bf3021a96644a29d44c7344977ac94,100,verified_collector,active,exc-card-tbh
T.B.H,T.B.H // 10/100,tbh_8f7367f54c5941b888a76a418c9c7f5a,100,verified_collector,active,exc-card-tbh
T.B.H,T.B.H // 11/100,tbh_29067d78144f480196bc083bd249bc73,100,verified_collector,active,exc-card-tbh
T.B.H,T.B.H // 12/100,tbh_ad1ff9f0ea1445619df4bb6db89d446e,100,verified_collector,active,exc-card-tbh
T.B.H,T.B.H // 13/100,tbh_26b447802171429a9beb38d93dcac673,100,verified_collector,active,exc-card-tbh
T.B.H,T.B.H // 14/100,tbh_da98446fac7948b8911a1e04300d5470,100,verified_collector,active,exc-card-tbh
T.B.H,T.B.H // 15/100,tbh_cbe45cd981f5426aa67506d9ef4259a7,100,verified_collector,active,exc-card-tbh
T.B.H,T.B.H // 16/100,tbh_d06b680bb5f44056baa50807037fb958,100,verified_collector,active,exc-card-tbh
T.B.H,T.B.H // 17/100,tbh_6d047bf93c1a4a9a88cdff4d28ff89ba,100,verified_collector,active,exc-card-tbh
T.B.H,T.B.H // 18/100,tbh_49a132e550a94767a1e5b95fe0c574ad,100,verified_collector,active,exc-card-tbh
T.B.H,T.B.H // 19/100,tbh_2e4f2985c0cd41de91207141394ba70e,100,verified_collector,active,exc-card-tbh
T.B.H,T.B.H // 20/100,tbh_7e252e81c8294b19983ef0fdaa920851,100,verified_collector,active,exc-card-tbh
T.B.H,T.B.H // 21/100,tbh_1f2b48e768eb475b8e7ddaea08f032fa,100,verified_collector,active,exc-card-tbh
T.B.H,T.B.H // 22/100,tbh_3aab195daaae40b093a95c36d9cc7865,100,verified_collector,active,exc-card-tbh
T.B.H,T.B.H // 23/100,tbh_61faf5a90ce3437b92bbd40a70508de5,100,verified_collector,active,exc-card-tbh
T.B.H,T.B.H // 24/100,tbh_e8ee1a50ad324d278ace9fb5455e93be,100,verified_collector,active,exc-card-tbh
T.B.H,T.B.H // 25/100,tbh_4d7ca2d8c51b4eb399e21338974d8e7e,100,verified_collector,active,exc-card-tbh
T.B.H,T.B.H // 26/100,tbh_e8aa3bbf95334208a12efc9eeb4c9362,100,verified_collector,active,exc-card-tbh
T.B.H,T.B.H // 27/100,tbh_543421785f1f4203bd980a3e4d396f37,100,verified_collector,active,exc-card-tbh
T.B.H,T.B.H // 28/100,tbh_6b295200161c4578b6b6ce5e07eebcda,100,verified_collector,active,exc-card-tbh
T.B.H,T.B.H // 29/100,tbh_684f9052a2b24d689ba6cd9de208c447,100,verified_collector,active,exc-card-tbh
T.B.H,T.B.H // 30/100,tbh_47ef8d350f08473b90e3f36a7e44e267,100,verified_collector,active,exc-card-tbh
T.B.H,T.B.H // 31/100,tbh_0b6d0b1e73af423b8b4ae1ab4c0f5bab,100,verified_collector,active,exc-card-tbh
T.B.H,T.B.H // 32/100,tbh_605c2dbe29f34b14a2749f8fed29f60c,100,verified_collector,active,exc-card-tbh
T.B.H,T.B.H // 33/100,tbh_720c1d4d115d4cea8ebfc753fe6c60d1,100,verified_collector,active,exc-card-tbh
T.B.H,T.B.H // 34/100,tbh_53b730eb89514cc1b926dda22801fcaa,100,verified_collector,active,exc-card-tbh
T.B.H,T.B.H // 35/100,tbh_fa9db53443244e30b80e19f999efc5b3,100,verified_collector,active,exc-card-tbh
T.B.H,T.B.H // 36/100,tbh_ba6e5e2343ce4c768641f52373c3875d,100,verified_collector,active,exc-card-tbh
T.B.H,T.B.H // 37/100,tbh_9e82c032d2a941bb9f7a4e514b9b7e0d,100,verified_collector,active,exc-card-tbh
T.B.H,T.B.H // 38/100,tbh_d3e46955518d47838241aadbaa0cd800,100,verified_collector,active,exc-card-tbh
T.B.H,T.B.H // 39/100,tbh_12906f7d6e2449b38f49b981012e11f5,100,verified_collector,active,exc-card-tbh
T.B.H,T.B.H // 40/100,tbh_a500a092295e404da58e69427256b360,100,verified_collector,active,exc-card-tbh
T.B.H,T.B.H // 41/100,tbh_1ada21216ef8409a88d882ba63ec368f,100,verified_collector,active,exc-card-tbh
T.B.H,T.B.H // 42/100,tbh_da174413c3ce4523b83ad788e3683a43,100,verified_collector,active,exc-card-tbh
T.B.H,T.B.H // 43/100,tbh_c3c4a21bae564ae2ba8e2cb301c9c06c,100,verified_collector,active,exc-card-tbh
T.B.H,T.B.H // 44/100,tbh_b013794344334894a56e6cd611fc426c,100,verified_collector,active,exc-card-tbh
T.B.H,T.B.H // 45/100,tbh_e6614a7d1581454eb000e4a4d5ccc1b1,100,verified_collector,active,exc-card-tbh
T.B.H,T.B.H // 46/100,tbh_4b9f14458cce46e496fabcf66f162647,100,verified_collector,active,exc-card-tbh
T.B.H,T.B.H // 47/100,tbh_c30f16aa75204343b925d12857edc3bb,100,verified_collector,active,exc-card-tbh
T.B.H,T.B.H // 48/100,tbh_dbbadb80d42d49fba097cba355cf65cd,100,verified_collector,active,exc-card-tbh
T.B.H,T.B.H // 49/100,tbh_0e5da67397944dc7bb9ae3d0a6f232eb,100,verified_collector,active,exc-card-tbh
T.B.H,T.B.H // 50/100,tbh_a580d2e92b054efab4ee3d5b33e2d7e8,100,verified_collector,active,exc-card-tbh
T.B.H,T.B.H // 51/100,tbh_cfa6de9e28ef480b956db123eeb7ede1,100,verified_collector,active,exc-card-tbh
T.B.H,T.B.H // 52/100,tbh_e9018da7f0fa4709b8eb286d909306a8,100,verified_collector,active,exc-card-tbh
T.B.H,T.B.H // 53/100,tbh_a419b87fe1a9472e87429262a3918724,100,verified_collector,active,exc-card-tbh
T.B.H,T.B.H // 54/100,tbh_533ecab13eba4ea3ab1683d468ac8314,100,verified_collector,active,exc-card-tbh
T.B.H,T.B.H // 55/100,tbh_10a0e6c634684deeb84aedde0129624b,100,verified_collector,active,exc-card-tbh
T.B.H,T.B.H // 56/100,tbh_30a1244004f24a44a009b6aec3bd5cf6,100,verified_collector,active,exc-card-tbh
T.B.H,T.B.H // 57/100,tbh_ff585180dfea4fdc9a6d80a7b50e6fff,100,verified_collector,active,exc-card-tbh
T.B.H,T.B.H // 58/100,tbh_048024e300f2443c87867def00c3999f,100,verified_collector,active,exc-card-tbh
T.B.H,T.B.H // 59/100,tbh_78d89d22a1c94817ae2351574bbaafdd,100,verified_collector,active,exc-card-tbh
T.B.H,T.B.H // 60/100,tbh_251e999b435b49a5b1679d94634a8942,100,verified_collector,active,exc-card-tbh
T.B.H,T.B.H // 61/100,tbh_27a16d608f064dcdbf45fcd5ab72aa22,100,verified_collector,active,exc-card-tbh
T.B.H,T.B.H // 62/100,tbh_f923f3afe08d4d8fba586accc70cae18,100,verified_collector,active,exc-card-tbh
T.B.H,T.B.H // 63/100,tbh_009c9b392d8646369ee235036a35a2a2,100,verified_collector,active,exc-card-tbh
T.B.H,T.B.H // 64/100,tbh_6a87c5dbc2524352b452cb1c1e91b0ad,100,verified_collector,active,exc-card-tbh
T.B.H,T.B.H // 65/100,tbh_ea358d875b1d405ebd1ae232e754d4c7,100,verified_collector,active,exc-card-tbh
T.B.H,T.B.H // 66/100,tbh_f876c55cd6b0408a95e07947371a960c,100,verified_collector,active,exc-card-tbh
T.B.H,T.B.H // 67/100,tbh_bb52ca07d69b45cc9646f1deb3a73aa7,100,verified_collector,active,exc-card-tbh
T.B.H,T.B.H // 68/100,tbh_03437ce3072d4b0ab05d721078f99dbf,100,verified_collector,active,exc-card-tbh
T.B.H,T.B.H // 69/100,tbh_b939e1b9a26f4da8a242cae1a1358ab2,100,verified_collector,active,exc-card-tbh
T.B.H,T.B.H // 70/100,tbh_50afc6bd600c4a8fa091ccd7cf369411,100,verified_collector,active,exc-card-tbh
T.B.H,T.B.H // 71/100,tbh_69bd3b824a104197904e0042c6f74bc0,100,verified_collector,active,exc-card-tbh
T.B.H,T.B.H // 72/100,tbh_8d8efaa033ad48818fd0295e75a6f1b7,100,verified_collector,active,exc-card-tbh
T.B.H,T.B.H // 73/100,tbh_9ec490972a394a06bad696b9aa7eaf8d,100,verified_collector,active,exc-card-tbh
T.B.H,T.B.H // 74/100,tbh_b175ea5a4d9d4324878eb573a32b93cf,100,verified_collector,active,exc-card-tbh
T.B.H,T.B.H // 75/100,tbh_e8c37eb5c8784cbeaa8f46f25580bcd8,100,verified_collector,active,exc-card-tbh
T.B.H,T.B.H // 76/100,tbh_25e8c0160ed84e9a9b4aa12ad1e4fbd5,100,verified_collector,active,exc-card-tbh
T.B.H,T.B.H // 77/100,tbh_b0b8b9137e5b409986636b7c99b4ee91,100,verified_collector,active,exc-card-tbh
T.B.H,T.B.H // 78/100,tbh_cde10773960e4738a5d8c5e8f279d24a,100,verified_collector,active,exc-card-tbh
T.B.H,T.B.H // 79/100,tbh_e1422a2cb39c4fe7968999adc5226245,100,verified_collector,active,exc-card-tbh
T.B.H,T.B.H // 80/100,tbh_2646b43ca69f46a0b8c4f1fcd4e1b137,100,verified_collector,active,exc-card-tbh
T.B.H,T.B.H // 81/100,tbh_4cf25cfaef544a08b14bb24979a255b3,100,verified_collector,active,exc-card-tbh
T.B.H,T.B.H // 82/100,tbh_95672b6dd3d14fb19cab94ad9c76895c,100,verified_collector,active,exc-card-tbh
T.B.H,T.B.H // 83/100,tbh_8c7063f187f84843abd69d17bb6e293e,100,verified_collector,active,exc-card-tbh
T.B.H,T.B.H // 84/100,tbh_047607827f0d4214bf5c2e3438856cfa,100,verified_collector,active,exc-card-tbh
T.B.H,T.B.H // 85/100,tbh_76ac995fb82e421aa1b7ba92bc6fbc36,100,verified_collector,active,exc-card-tbh
T.B.H,T.B.H // 86/100,tbh_64ca0c23574d4eb3b3fa27f574de96e5,100,verified_collector,active,exc-card-tbh
T.B.H,T.B.H // 87/100,tbh_62c1994714374138b10295fb691c0ce6,100,verified_collector,active,exc-card-tbh
T.B.H,T.B.H // 88/100,tbh_b438f2aaad7c4c459008686cedc57731,100,verified_collector,active,exc-card-tbh
T.B.H,T.B.H // 89/100,tbh_6c060f9ee39a4a34b07c5da5d4b28907,100,verified_collector,active,exc-card-tbh
T.B.H,T.B.H // 90/100,tbh_30dc6d2f01ab49fabff5a294a17a038a,100,verified_collector,active,exc-card-tbh
T.B.H,T.B.H // 91/100,tbh_bb485165f63c44439b3a00123aad4f5f,100,verified_collector,active,exc-card-tbh
T.B.H,T.B.H // 92/100,tbh_b4acad6d4b4343bfbbd7d22c67fd24dd,100,verified_collector,active,exc-card-tbh
T.B.H,T.B.H // 93/100,tbh_a0a75a208e514d5ea026618ac41f6db8,100,verified_collector,active,exc-card-tbh
T.B.H,T.B.H // 94/100,tbh_42d1c2049c7847c196a1f8b0955da233,100,verified_collector,active,exc-card-tbh
T.B.H,T.B.H // 95/100,tbh_cac45423e5f14bc088e122b0d45aa0af,100,verified_collector,active,exc-card-tbh
T.B.H,T.B.H // 96/100,tbh_50d9de7189a14b5ca0b6d3714d0184ee,100,verified_collector,active,exc-card-tbh
T.B.H,T.B.H // 97/100,tbh_db4adfef71a444d4b465d516cf3ecbdb,100,verified_collector,active,exc-card-tbh
T.B.H,T.B.H // 98/100,tbh_7d9c3a7ebe994dccac3b395b1619c5d7,100,verified_collector,active,exc-card-tbh
T.B.H,T.B.H // 99/100,tbh_9be617a7bb54412fb079fe18eb206e17,100,verified_collector,active,exc-card-tbh
T.B.H,T.B.H // 100/100,tbh_5e02b8f54abe40c08f25b865f0e34ff5,100,verified_collector,active,exc-card-tbh
2MRRW: (A.D),A.D // 001/150,ad_ba9bb21cd8e5469a9092fe3d27dd39f0,150,verified_collector,active,exc-card-ad
2MRRW: (A.D),A.D // 002/150,ad_f63903d7a37040ec934a3b9dc9837524,150,verified_collector,active,exc-card-ad
2MRRW: (A.D),A.D // 003/150,ad_8731098a38af4010b00fc24d2b2c557c,150,verified_collector,active,exc-card-ad
2MRRW: (A.D),A.D // 004/150,ad_ffc660291c1d4179ad5017a5f6c0a72c,150,verified_collector,active,exc-card-ad
2MRRW: (A.D),A.D // 005/150,ad_e5314b7549e347e38de053f875570762,150,verified_collector,active,exc-card-ad
2MRRW: (A.D),A.D // 006/150,ad_95012bb3ebef4a0d8d7a2636e28618d4,150,verified_collector,active,exc-card-ad
2MRRW: (A.D),A.D // 007/150,ad_ecb241f05a614cbda031ba846be3979f,150,verified_collector,active,exc-card-ad
2MRRW: (A.D),A.D // 008/150,ad_c653897077c44b8d8d3b0114879a5063,150,verified_collector,active,exc-card-ad
2MRRW: (A.D),A.D // 009/150,ad_35d4a014a1784b6aa449e219c32c1b48,150,verified_collector,active,exc-card-ad
2MRRW: (A.D),A.D // 010/150,ad_6708a87a0bca4399a7c52f675ee33961,150,verified_collector,active,exc-card-ad
2MRRW: (A.D),A.D // 011/150,ad_efacf686776d40d78eb145e76ca01b80,150,verified_collector,active,exc-card-ad
2MRRW: (A.D),A.D // 012/150,ad_51f096bba94a48748420d61d2a0c9db0,150,verified_collector,active,exc-card-ad
2MRRW: (A.D),A.D // 013/150,ad_8252df485a4448e3a2e864747a33ba68,150,verified_collector,active,exc-card-ad
2MRRW: (A.D),A.D // 014/150,ad_9d779961f485414586701a0275501c1d,150,verified_collector,active,exc-card-ad
2MRRW: (A.D),A.D // 015/150,ad_aad607b1b680410788a2857999f870a9,150,verified_collector,active,exc-card-ad
2MRRW: (A.D),A.D // 016/150,ad_45781f2b10214220bae40216e0993c6d,150,verified_collector,active,exc-card-ad
2MRRW: (A.D),A.D // 017/150,ad_27361cb8c6ca48f984bb837379c66cd4,150,verified_collector,active,exc-card-ad
2MRRW: (A.D),A.D // 018/150,ad_efd6d5fb62c94aeb94a21656c5a14c3b,150,verified_collector,active,exc-card-ad
2MRRW: (A.D),A.D // 019/150,ad_0dc6c99d59aa40db9a2b8f15dc534bee,150,verified_collector,active,exc-card-ad
2MRRW: (A.D),A.D // 020/150,ad_9372ed91a7714f5db5e94cdd91061ffd,150,verified_collector,active,exc-card-ad
2MRRW: (A.D),A.D // 021/150,ad_5986db4ec83540ddaac238bc12916b32,150,verified_collector,active,exc-card-ad
2MRRW: (A.D),A.D // 022/150,ad_f5fe079f5e3242e784d633dbd4a270ac,150,verified_collector,active,exc-card-ad
2MRRW: (A.D),A.D // 023/150,ad_9bf2e23984364ef19e55dad48e51a54e,150,verified_collector,active,exc-card-ad
2MRRW: (A.D),A.D // 024/150,ad_61acc7df0a0a4df8bf24e1a85950a17a,150,verified_collector,active,exc-card-ad
2MRRW: (A.D),A.D // 025/150,ad_2da4f492bea44b9cb28f0e3219aea0c4,150,verified_collector,active,exc-card-ad
2MRRW: (A.D),A.D // 026/150,ad_b845dbcceac34e82b21e3fead237b7db,150,verified_collector,active,exc-card-ad
2MRRW: (A.D),A.D // 027/150,ad_9d16155abc19436cacf1087bcc8bca29,150,verified_collector,active,exc-card-ad
2MRRW: (A.D),A.D // 028/150,ad_ca4d7fef87f74216ba4d798cbd3718c4,150,verified_collector,active,exc-card-ad
2MRRW: (A.D),A.D // 029/150,ad_ad064b75c0ba40c98e523f08ec2e8eee,150,verified_collector,active,exc-card-ad
2MRRW: (A.D),A.D // 030/150,ad_9a396cf7a2b3484790d3c633683e6e82,150,verified_collector,active,exc-card-ad
2MRRW: (A.D),A.D // 031/150,ad_3ee2d1d0f54c4bddadde8269a3e12d43,150,verified_collector,active,exc-card-ad
2MRRW: (A.D),A.D // 032/150,ad_67e379cd5fe642b79cbb16468614f172,150,verified_collector,active,exc-card-ad
2MRRW: (A.D),A.D // 033/150,ad_06c3ec9c637f49e99a677d27820e5b30,150,verified_collector,active,exc-card-ad
2MRRW: (A.D),A.D // 034/150,ad_8277d731b6fc4e1b8ac4021aa52298e0,150,verified_collector,active,exc-card-ad
2MRRW: (A.D),A.D // 035/150,ad_c94d38462fe14637a647604b113a4713,150,verified_collector,active,exc-card-ad
2MRRW: (A.D),A.D // 036/150,ad_eb21e2c2b80648dc90f83d160f2a5bc9,150,verified_collector,active,exc-card-ad
2MRRW: (A.D),A.D // 037/150,ad_323595bec4714991bc718577a6472988,150,verified_collector,active,exc-card-ad
2MRRW: (A.D),A.D // 038/150,ad_f2a53e6dc12749e7965f10f6e9861cbf,150,verified_collector,active,exc-card-ad
2MRRW: (A.D),A.D // 039/150,ad_c05dca5e4dbb430db32b1dbe24f82fff,150,verified_collector,active,exc-card-ad
2MRRW: (A.D),A.D // 040/150,ad_e567da00af4b49e69872b0519cf51efb,150,verified_collector,active,exc-card-ad
2MRRW: (A.D),A.D // 041/150,ad_cbe9803bcdd644f28ed890c45f9f8426,150,verified_collector,active,exc-card-ad
2MRRW: (A.D),A.D // 042/150,ad_b2ce6a1ffade40b2b2e92f4b597338c2,150,verified_collector,active,exc-card-ad
2MRRW: (A.D),A.D // 043/150,ad_ceb748902f974d93bd3a055a1b9ec70d,150,verified_collector,active,exc-card-ad
2MRRW: (A.D),A.D // 044/150,ad_5768f84c94434108bbfe4c74387cd042,150,verified_collector,active,exc-card-ad
2MRRW: (A.D),A.D // 045/150,ad_549f3631cad9495db456bfe882a176de,150,verified_collector,active,exc-card-ad
2MRRW: (A.D),A.D // 046/150,ad_88ab0f90c1ac4c5cb69ce5a1358ef668,150,verified_collector,active,exc-card-ad
2MRRW: (A.D),A.D // 047/150,ad_69291d5bb23149cbb3155965de57e8e6,150,verified_collector,active,exc-card-ad
2MRRW: (A.D),A.D // 048/150,ad_5a0a72c9ba2d4a259b20d7397d81e62a,150,verified_collector,active,exc-card-ad
2MRRW: (A.D),A.D // 049/150,ad_7c1fd175efea4e18bef7cc212e784a0b,150,verified_collector,active,exc-card-ad
2MRRW: (A.D),A.D // 050/150,ad_f8e2989d5ced424aabac564440f01fbd,150,verified_collector,active,exc-card-ad
2MRRW: (A.D),A.D // 051/150,ad_eedcfd6d214b4ee6b1d20b5d49601cbd,150,verified_collector,active,exc-card-ad
2MRRW: (A.D),A.D // 052/150,ad_e83e4acdf8034dee8b75d7f16fecef85,150,verified_collector,active,exc-card-ad
2MRRW: (A.D),A.D // 053/150,ad_9407f8b661b3455192b94fbcac1b28fe,150,verified_collector,active,exc-card-ad
2MRRW: (A.D),A.D // 054/150,ad_3697220f68e44409b92eac267709dbd6,150,verified_collector,active,exc-card-ad
2MRRW: (A.D),A.D // 055/150,ad_9ed865bd27224eea9c10b214fd894311,150,verified_collector,active,exc-card-ad
2MRRW: (A.D),A.D // 056/150,ad_cbe14ad342f84ba0b8897c7e95ba6a25,150,verified_collector,active,exc-card-ad
2MRRW: (A.D),A.D // 057/150,ad_78cbf4d7899e461baaa1ae0ca919ae32,150,verified_collector,active,exc-card-ad
2MRRW: (A.D),A.D // 058/150,ad_698d80d5913c4d6e940a7cba86259d8c,150,verified_collector,active,exc-card-ad
2MRRW: (A.D),A.D // 059/150,ad_106c670113084c35adc13b7abc645506,150,verified_collector,active,exc-card-ad
2MRRW: (A.D),A.D // 060/150,ad_9add5a77a7c64fa8882a5212c4dc9a17,150,verified_collector,active,exc-card-ad
2MRRW: (A.D),A.D // 061/150,ad_8a4d8e7e459e464b970cb18b44e8347d,150,verified_collector,active,exc-card-ad
2MRRW: (A.D),A.D // 062/150,ad_ae994ada805146f5a60e4ec52901b892,150,verified_collector,active,exc-card-ad
2MRRW: (A.D),A.D // 063/150,ad_3851783b66d948e683fbd007067c9f0d,150,verified_collector,active,exc-card-ad
2MRRW: (A.D),A.D // 064/150,ad_5831fdb1ab10493588d306c73207b7f6,150,verified_collector,active,exc-card-ad
2MRRW: (A.D),A.D // 065/150,ad_1932884a957141b2b07b3725e354b121,150,verified_collector,active,exc-card-ad
2MRRW: (A.D),A.D // 066/150,ad_d5a7e791f3154c08a115c9b63609dfa6,150,verified_collector,active,exc-card-ad
2MRRW: (A.D),A.D // 067/150,ad_dd6a581547f042498841393ba8cad8ee,150,verified_collector,active,exc-card-ad
2MRRW: (A.D),A.D // 068/150,ad_72fd717a7c2745b3841e39acea2c1439,150,verified_collector,active,exc-card-ad
2MRRW: (A.D),A.D // 069/150,ad_1be4a0034230497f8ae76d4e94d528e9,150,verified_collector,active,exc-card-ad
2MRRW: (A.D),A.D // 070/150,ad_861e192785d34e349235c79c4db3dabe,150,verified_collector,active,exc-card-ad
2MRRW: (A.D),A.D // 071/150,ad_b7fd5c21b77241c5a8c0c875f13c5aa5,150,verified_collector,active,exc-card-ad
2MRRW: (A.D),A.D // 072/150,ad_d3f1ddfd4e96454182402880ac797154,150,verified_collector,active,exc-card-ad
2MRRW: (A.D),A.D // 073/150,ad_172eb7024b524b1ea6fde227b76ed68a,150,verified_collector,active,exc-card-ad
2MRRW: (A.D),A.D // 074/150,ad_e0ee874578b84585ac3b790f3dd104de,150,verified_collector,active,exc-card-ad
2MRRW: (A.D),A.D // 075/150,ad_b531c4576d944569ae29c985ce52ff1c,150,verified_collector,active,exc-card-ad
2MRRW: (A.D),A.D // 076/150,ad_3317c86aa0dd4399ad0a6c69e5dbd79d,150,verified_collector,active,exc-card-ad
2MRRW: (A.D),A.D // 077/150,ad_5910180436e3454b860fea02d85cdcad,150,verified_collector,active,exc-card-ad
2MRRW: (A.D),A.D // 078/150,ad_ddb04100c3914b3181559a2ae89de371,150,verified_collector,active,exc-card-ad
2MRRW: (A.D),A.D // 079/150,ad_97664a32d568450a82001448abeb81e9,150,verified_collector,active,exc-card-ad
2MRRW: (A.D),A.D // 080/150,ad_b30eb024fbaa44e7afe0a24919283121,150,verified_collector,active,exc-card-ad
2MRRW: (A.D),A.D // 081/150,ad_5da3261574e04be0a07415a655b4d9b4,150,verified_collector,active,exc-card-ad
2MRRW: (A.D),A.D // 082/150,ad_cc98ee49952841e9ad548d62f41dbbfa,150,verified_collector,active,exc-card-ad
2MRRW: (A.D),A.D // 083/150,ad_e8f06368590b4e91954eb37e2e258255,150,verified_collector,active,exc-card-ad
2MRRW: (A.D),A.D // 084/150,ad_df327d8972304d31af08de1e28af04f6,150,verified_collector,active,exc-card-ad
2MRRW: (A.D),A.D // 085/150,ad_23d2cdf60b7240e5bd8d91b4b605ff07,150,verified_collector,active,exc-card-ad
2MRRW: (A.D),A.D // 086/150,ad_a54a75ce8a264b61a77f6813be29bbde,150,verified_collector,active,exc-card-ad
2MRRW: (A.D),A.D // 087/150,ad_ae482ffe270c483ca030e1a2f21f08e4,150,verified_collector,active,exc-card-ad
2MRRW: (A.D),A.D // 088/150,ad_ae65af73aeef4c1c90aaa3583bd2575e,150,verified_collector,active,exc-card-ad
2MRRW: (A.D),A.D // 089/150,ad_1f4466c18d3d46558a2136eeee1be0f4,150,verified_collector,active,exc-card-ad
2MRRW: (A.D),A.D // 090/150,ad_d9b1839721f341c188b60e03f3c6176a,150,verified_collector,active,exc-card-ad
2MRRW: (A.D),A.D // 091/150,ad_fa2efe88911c43adb9f7f54ab339a6f0,150,verified_collector,active,exc-card-ad
2MRRW: (A.D),A.D // 092/150,ad_b246c3169089433aac5fb6f9d70fb453,150,verified_collector,active,exc-card-ad
2MRRW: (A.D),A.D // 093/150,ad_85bf6acec83e406887eafef8125e6896,150,verified_collector,active,exc-card-ad
2MRRW: (A.D),A.D // 094/150,ad_3e9486474fb8444c87ef997e1809fe2c,150,verified_collector,active,exc-card-ad
2MRRW: (A.D),A.D // 095/150,ad_f3ba4a0fa9fb40ad85996e28014874b0,150,verified_collector,active,exc-card-ad
2MRRW: (A.D),A.D // 096/150,ad_45568760a2744a85b2d768c143c5a1aa,150,verified_collector,active,exc-card-ad
2MRRW: (A.D),A.D // 097/150,ad_37c9951f6bf54b5e853a71c0353e57a3,150,verified_collector,active,exc-card-ad
2MRRW: (A.D),A.D // 098/150,ad_6c0ff25df50343ad858eae4c3d4dfe63,150,verified_collector,active,exc-card-ad
2MRRW: (A.D),A.D // 099/150,ad_7265bb887f614fa28103c3be7a5d86f3,150,verified_collector,active,exc-card-ad
2MRRW: (A.D),A.D // 100/150,ad_f78fa868ccdc4532a906bc4e2d7d4439,150,verified_collector,active,exc-card-ad
2MRRW: (A.D),A.D // 101/150,ad_93ff89d111974046801ee41382a00d3a,150,verified_collector,active,exc-card-ad
2MRRW: (A.D),A.D // 102/150,ad_744874b1218642d3b9df9bf16d633ac3,150,verified_collector,active,exc-card-ad
2MRRW: (A.D),A.D // 103/150,ad_0dee6dd4d1ad42779cef090eedaee4ad,150,verified_collector,active,exc-card-ad
2MRRW: (A.D),A.D // 104/150,ad_c6bcb6b2ec054774a48b7cb26e988f31,150,verified_collector,active,exc-card-ad
2MRRW: (A.D),A.D // 105/150,ad_3bbca2d4b765483ba377184c261b2897,150,verified_collector,active,exc-card-ad
2MRRW: (A.D),A.D // 106/150,ad_0e7b747dde8b4f6fa1cef412d89a9ea8,150,verified_collector,active,exc-card-ad
2MRRW: (A.D),A.D // 107/150,ad_7aa3830920304def8047d4299c0b767f,150,verified_collector,active,exc-card-ad
2MRRW: (A.D),A.D // 108/150,ad_38bdee4c7d2a451986186861488f0cfb,150,verified_collector,active,exc-card-ad
2MRRW: (A.D),A.D // 109/150,ad_7ac962b8c5474787a1955463bbf6f8d3,150,verified_collector,active,exc-card-ad
2MRRW: (A.D),A.D // 110/150,ad_c081ea08f81f47a0862067190b7a47f8,150,verified_collector,active,exc-card-ad
2MRRW: (A.D),A.D // 111/150,ad_fdb0fb9605c743f08823ca9d08bd5b86,150,verified_collector,active,exc-card-ad
2MRRW: (A.D),A.D // 112/150,ad_7ba29aaeb79b44b78145260c46589b6e,150,verified_collector,active,exc-card-ad
2MRRW: (A.D),A.D // 113/150,ad_9fcc0de712de4a97891a4c776d876a0f,150,verified_collector,active,exc-card-ad
2MRRW: (A.D),A.D // 114/150,ad_0c0d84fde9c143049233841fa9371173,150,verified_collector,active,exc-card-ad
2MRRW: (A.D),A.D // 115/150,ad_dae911593b134b09a161335c6b64bfe5,150,verified_collector,active,exc-card-ad
2MRRW: (A.D),A.D // 116/150,ad_cddfca4208dd4e9a87a57876a672835c,150,verified_collector,active,exc-card-ad
2MRRW: (A.D),A.D // 117/150,ad_16f6459419364a169987eef36f95d8ef,150,verified_collector,active,exc-card-ad
2MRRW: (A.D),A.D // 118/150,ad_e33c3dc621d7402583d6a3a47ce04f00,150,verified_collector,active,exc-card-ad
2MRRW: (A.D),A.D // 119/150,ad_b4d1d1a8aaf3461c840bea530f732028,150,verified_collector,active,exc-card-ad
2MRRW: (A.D),A.D // 120/150,ad_e8bb8adfe67e456986e6769cc6ca9cec,150,verified_collector,active,exc-card-ad
2MRRW: (A.D),A.D // 121/150,ad_fffad2c81bc9460c84fb30382947d738,150,verified_collector,active,exc-card-ad
2MRRW: (A.D),A.D // 122/150,ad_e011c58356f74313a0dc22b8da1fbe77,150,verified_collector,active,exc-card-ad
2MRRW: (A.D),A.D // 123/150,ad_8ef04e1270eb4a958a0820f720346ae1,150,verified_collector,active,exc-card-ad
2MRRW: (A.D),A.D // 124/150,ad_8a101a1397c3463e98dc7abe35d4d1da,150,verified_collector,active,exc-card-ad
2MRRW: (A.D),A.D // 125/150,ad_203a08f585e04a27b20d994d0684d2db,150,verified_collector,active,exc-card-ad
2MRRW: (A.D),A.D // 126/150,ad_aa939a8951a04a0cae7ea285ee79e9c6,150,verified_collector,active,exc-card-ad
2MRRW: (A.D),A.D // 127/150,ad_6c5910265de349ddb24fa0d88647e17c,150,verified_collector,active,exc-card-ad
2MRRW: (A.D),A.D // 128/150,ad_3a139667baa1412a9f721c276db4ebb9,150,verified_collector,active,exc-card-ad
2MRRW: (A.D),A.D // 129/150,ad_770e9afcb29a4d01a8879527c8b8b67f,150,verified_collector,active,exc-card-ad
2MRRW: (A.D),A.D // 130/150,ad_c2c0d3cbbc374e43a20fa92ca9838d7b,150,verified_collector,active,exc-card-ad
2MRRW: (A.D),A.D // 131/150,ad_0561d05e8ff84f28abd2c972a8003490,150,verified_collector,active,exc-card-ad
2MRRW: (A.D),A.D // 132/150,ad_1c03a775499c4d8cab481b6838df3e6b,150,verified_collector,active,exc-card-ad
2MRRW: (A.D),A.D // 133/150,ad_9cb1b22437da46c8a4f87fbfce9f30ad,150,verified_collector,active,exc-card-ad
2MRRW: (A.D),A.D // 134/150,ad_cd43e73c22b449948bbe0d7be7bfb31a,150,verified_collector,active,exc-card-ad
2MRRW: (A.D),A.D // 135/150,ad_7b400dfded6c469497617b1b01dc488d,150,verified_collector,active,exc-card-ad
2MRRW: (A.D),A.D // 136/150,ad_43e57f66e1364c5b89ebb705f7cd84da,150,verified_collector,active,exc-card-ad
2MRRW: (A.D),A.D // 137/150,ad_09b3743983d546dca03182991264f21e,150,verified_collector,active,exc-card-ad
2MRRW: (A.D),A.D // 138/150,ad_bfa4c46bf4da4ad3b9c1f1ab22a43640,150,verified_collector,active,exc-card-ad
2MRRW: (A.D),A.D // 139/150,ad_5e565e1e3058442d848976ec3a7bb541,150,verified_collector,active,exc-card-ad
2MRRW: (A.D),A.D // 140/150,ad_842295e4421a4241ba4d9339b505bcda,150,verified_collector,active,exc-card-ad
2MRRW: (A.D),A.D // 141/150,ad_263c9498697d4e289dca9f3a88df9103,150,verified_collector,active,exc-card-ad
2MRRW: (A.D),A.D // 142/150,ad_5b0f985a85394dd5b2119570bc6e8fab,150,verified_collector,active,exc-card-ad
2MRRW: (A.D),A.D // 143/150,ad_dad83f90bd9a4d47916f738228779e7c,150,verified_collector,active,exc-card-ad
2MRRW: (A.D),A.D // 144/150,ad_3c680d1e9c7f4c22bab28f3fbe00dd0b,150,verified_collector,active,exc-card-ad
2MRRW: (A.D),A.D // 145/150,ad_ba2bf0ba991a4bd39e79808887b2c099,150,verified_collector,active,exc-card-ad
2MRRW: (A.D),A.D // 146/150,ad_a916364a020242aeb21bab91fcb407eb,150,verified_collector,active,exc-card-ad
2MRRW: (A.D),A.D // 147/150,ad_0a62f277df1b43cdbee7e243284e9e1c,150,verified_collector,active,exc-card-ad
2MRRW: (A.D),A.D // 148/150,ad_452a1ccb87f34b0598e36ee24e471718,150,verified_collector,active,exc-card-ad
2MRRW: (A.D),A.D // 149/150,ad_7afd1696e61047bdbb78834fbc195c69,150,verified_collector,active,exc-card-ad
2MRRW: (A.D),A.D // 150/150,ad_a517fcba2f5c43538dbc63d8f7acc3e5,150,verified_collector,active,exc-card-ad
Love Hz Vol.1,LHZV1 // 001/300,lhzv1_8971616bd53242c48231f4511a4ab1a0,300,verified_collector,active,exc-bundle-lovehz
Love Hz Vol.1,LHZV1 // 002/300,lhzv1_30db9595b07343d6877c3f3e9962765c,300,verified_collector,active,exc-bundle-lovehz
Love Hz Vol.1,LHZV1 // 003/300,lhzv1_2f0c44fa012b42eeab7ba7be943b0d60,300,verified_collector,active,exc-bundle-lovehz
Love Hz Vol.1,LHZV1 // 004/300,lhzv1_c31f9c5847d746f68193f1a21dbc4de8,300,verified_collector,active,exc-bundle-lovehz
Love Hz Vol.1,LHZV1 // 005/300,lhzv1_4d8c736cdc1e46289719c0b4dc61b30f,300,verified_collector,active,exc-bundle-lovehz
Love Hz Vol.1,LHZV1 // 006/300,lhzv1_b84e625df7fa4fc687e2dc3c97a75456,300,verified_collector,active,exc-bundle-lovehz
Love Hz Vol.1,LHZV1 // 007/300,lhzv1_e46b424ef30849539c7c715303968cff,300,verified_collector,active,exc-bundle-lovehz
Love Hz Vol.1,LHZV1 // 008/300,lhzv1_524f829e05b44e78800137bf1e65a221,300,verified_collector,active,exc-bundle-lovehz
Love Hz Vol.1,LHZV1 // 009/300,lhzv1_ae615d8aa61047ae98f2a62eef99ef06,300,verified_collector,active,exc-bundle-lovehz
Love Hz Vol.1,LHZV1 // 010/300,lhzv1_5efaecdc32ee45c1b21c285fd975bc3f,300,verified_collector,active,exc-bundle-lovehz
Love Hz Vol.1,LHZV1 // 011/300,lhzv1_a84b3a3ef54343f6bdd56a6b00b415ba,300,verified_collector,active,exc-bundle-lovehz
Love Hz Vol.1,LHZV1 // 012/300,lhzv1_f68a81565c39472a9e381d8110d8ec9e,300,verified_collector,active,exc-bundle-lovehz
Love Hz Vol.1,LHZV1 // 013/300,lhzv1_e1a16631dc2c4033b07b2a47ab4bc95d,300,verified_collector,active,exc-bundle-lovehz
Love Hz Vol.1,LHZV1 // 014/300,lhzv1_172f98fea5fd44128feeaeaa61da3860,300,verified_collector,active,exc-bundle-lovehz
Love Hz Vol.1,LHZV1 // 015/300,lhzv1_6f86bfa86b764b7fb62032a994960f38,300,verified_collector,active,exc-bundle-lovehz
Love Hz Vol.1,LHZV1 // 016/300,lhzv1_d14d372c483a4edc8a515a0f7e22ed81,300,verified_collector,active,exc-bundle-lovehz
Love Hz Vol.1,LHZV1 // 017/300,lhzv1_f21dd9c1dca2438ea52e4b65b72c0db4,300,verified_collector,active,exc-bundle-lovehz
Love Hz Vol.1,LHZV1 // 018/300,lhzv1_5d80e7acc37b43cda9e8c15d11163f42,300,verified_collector,active,exc-bundle-lovehz
Love Hz Vol.1,LHZV1 // 019/300,lhzv1_7d64be461dce4c19bf39ba62ca91d0d4,300,verified_collector,active,exc-bundle-lovehz
Love Hz Vol.1,LHZV1 // 020/300,lhzv1_78c78b9ab659458ba5ca617d0f3734de,300,verified_collector,active,exc-bundle-lovehz
Love Hz Vol.1,LHZV1 // 021/300,lhzv1_7f00d73509a44e6cbb430e783d1726d6,300,verified_collector,active,exc-bundle-lovehz
Love Hz Vol.1,LHZV1 // 022/300,lhzv1_fcbafcf6640d4a76ac67b9cf9fa5400e,300,verified_collector,active,exc-bundle-lovehz
Love Hz Vol.1,LHZV1 // 023/300,lhzv1_254c0ce1ac6d4846bd75e789345acca2,300,verified_collector,active,exc-bundle-lovehz
Love Hz Vol.1,LHZV1 // 024/300,lhzv1_99277bd274b04d9f878d48f27ca72bad,300,verified_collector,active,exc-bundle-lovehz
Love Hz Vol.1,LHZV1 // 025/300,lhzv1_6a6fab80955e441889d5631365dd2dc6,300,verified_collector,active,exc-bundle-lovehz
Love Hz Vol.1,LHZV1 // 026/300,lhzv1_fd4b9668217146e083e4ec7636f7b3c4,300,verified_collector,active,exc-bundle-lovehz
Love Hz Vol.1,LHZV1 // 027/300,lhzv1_c5cb77bd341e4ba29b0f36a19eadc3cc,300,verified_collector,active,exc-bundle-lovehz
Love Hz Vol.1,LHZV1 // 028/300,lhzv1_46c4d27ed43d4a96804f9178fc1e7741,300,verified_collector,active,exc-bundle-lovehz
Love Hz Vol.1,LHZV1 // 029/300,lhzv1_b5cb5d643f064c7eb306c399f61d9d1d,300,verified_collector,active,exc-bundle-lovehz
Love Hz Vol.1,LHZV1 // 030/300,lhzv1_1c0f6629f8674fcdb1321a9d44638896,300,verified_collector,active,exc-bundle-lovehz
Love Hz Vol.1,LHZV1 // 031/300,lhzv1_1c9ef576e4bd44e28a94ddd25758b5e2,300,verified_collector,active,exc-bundle-lovehz
Love Hz Vol.1,LHZV1 // 032/300,lhzv1_d9f8336daa144c07a6a6d89e3c57960e,300,verified_collector,active,exc-bundle-lovehz
Love Hz Vol.1,LHZV1 // 033/300,lhzv1_466cc5bd217a403b98d02651033a2426,300,verified_collector,active,exc-bundle-lovehz
Love Hz Vol.1,LHZV1 // 034/300,lhzv1_9ac6794c99a345f2a5dcc2d468ceed89,300,verified_collector,active,exc-bundle-lovehz
Love Hz Vol.1,LHZV1 // 035/300,lhzv1_dbffc62621fc462d86c33330d0df7dc9,300,verified_collector,active,exc-bundle-lovehz
Love Hz Vol.1,LHZV1 // 036/300,lhzv1_ae4bea0cba574ec0954be07766c7941c,300,verified_collector,active,exc-bundle-lovehz
Love Hz Vol.1,LHZV1 // 037/300,lhzv1_f237ae7147f64924ac14c9a2ece882e1,300,verified_collector,active,exc-bundle-lovehz
Love Hz Vol.1,LHZV1 // 038/300,lhzv1_c6dab7be93aa409ba2a5804762e9f58b,300,verified_collector,active,exc-bundle-lovehz
Love Hz Vol.1,LHZV1 // 039/300,lhzv1_d2812e23200a4974bbca9867af151390,300,verified_collector,active,exc-bundle-lovehz
Love Hz Vol.1,LHZV1 // 040/300,lhzv1_fc3ee3c36c544700bf6bbfeded9d436c,300,verified_collector,active,exc-bundle-lovehz
Love Hz Vol.1,LHZV1 // 041/300,lhzv1_f85a2ccd62b84f959dc22323c46b3c56,300,verified_collector,active,exc-bundle-lovehz
Love Hz Vol.1,LHZV1 // 042/300,lhzv1_96a76e0d89b24cb6821d7dedd3c229cd,300,verified_collector,active,exc-bundle-lovehz
Love Hz Vol.1,LHZV1 // 043/300,lhzv1_748e898704a4409d905b6688dbd8c504,300,verified_collector,active,exc-bundle-lovehz
Love Hz Vol.1,LHZV1 // 044/300,lhzv1_1b2a204b83d2464a85d4ab43830ef426,300,verified_collector,active,exc-bundle-lovehz
Love Hz Vol.1,LHZV1 // 045/300,lhzv1_0118b14fbb3c4fc8a9776d5de073cb4a,300,verified_collector,active,exc-bundle-lovehz
Love Hz Vol.1,LHZV1 // 046/300,lhzv1_961606dc3c1445b8aaddf9962a61375f,300,verified_collector,active,exc-bundle-lovehz
Love Hz Vol.1,LHZV1 // 047/300,lhzv1_c9a49b59491b4b78aba727f8241aaf1c,300,verified_collector,active,exc-bundle-lovehz
Love Hz Vol.1,LHZV1 // 048/300,lhzv1_0afdc60457a142f090838433fe3ac5de,300,verified_collector,active,exc-bundle-lovehz
Love Hz Vol.1,LHZV1 // 049/300,lhzv1_c636bbc0e68d49fba53994319424dce8,300,verified_collector,active,exc-bundle-lovehz
Love Hz Vol.1,LHZV1 // 050/300,lhzv1_b883092078504107985fe6900f1ae5f3,300,verified_collector,active,exc-bundle-lovehz
Love Hz Vol.1,LHZV1 // 051/300,lhzv1_cb48833c6a734dd897d9f8c31868649e,300,verified_collector,active,exc-bundle-lovehz
Love Hz Vol.1,LHZV1 // 052/300,lhzv1_bf795d7093d14d58a6fa40ebbbc49ed7,300,verified_collector,active,exc-bundle-lovehz
Love Hz Vol.1,LHZV1 // 053/300,lhzv1_fbba608924e64dd2b58bc606cde6cfd3,300,verified_collector,active,exc-bundle-lovehz
Love Hz Vol.1,LHZV1 // 054/300,lhzv1_ba8b6f31a84d4ab5990bf41683026264,300,verified_collector,active,exc-bundle-lovehz
Love Hz Vol.1,LHZV1 // 055/300,lhzv1_439fede30a594b4284b970b5fd8dc09b,300,verified_collector,active,exc-bundle-lovehz
Love Hz Vol.1,LHZV1 // 056/300,lhzv1_4f404676645f46b0b22c3da82a01e6a5,300,verified_collector,active,exc-bundle-lovehz
Love Hz Vol.1,LHZV1 // 057/300,lhzv1_fd3258337f92498ab1e9ea16d142031c,300,verified_collector,active,exc-bundle-lovehz
Love Hz Vol.1,LHZV1 // 058/300,lhzv1_97d19fcba10b4d91a3a4bfcf704c636a,300,verified_collector,active,exc-bundle-lovehz
Love Hz Vol.1,LHZV1 // 059/300,lhzv1_6d2d4f7bdebf40f18729f1a0f8275a97,300,verified_collector,active,exc-bundle-lovehz
Love Hz Vol.1,LHZV1 // 060/300,lhzv1_79f9f006676d4bd399ecc58d3c6d377e,300,verified_collector,active,exc-bundle-lovehz
Love Hz Vol.1,LHZV1 // 061/300,lhzv1_d4c2def2ea674679b06824ec17784d19,300,verified_collector,active,exc-bundle-lovehz
Love Hz Vol.1,LHZV1 // 062/300,lhzv1_e9be7be36440442896cc321657012960,300,verified_collector,active,exc-bundle-lovehz
Love Hz Vol.1,LHZV1 // 063/300,lhzv1_0b3e29b6e8844edaa174001e59110bd7,300,verified_collector,active,exc-bundle-lovehz
Love Hz Vol.1,LHZV1 // 064/300,lhzv1_dc1c6ae2fdd54efa8b7a59149cd1db4f,300,verified_collector,active,exc-bundle-lovehz
Love Hz Vol.1,LHZV1 // 065/300,lhzv1_b4d753fb96e143d0b0d815fcbff11700,300,verified_collector,active,exc-bundle-lovehz
Love Hz Vol.1,LHZV1 // 066/300,lhzv1_487eeed6420e401e8f8adc57067f7edc,300,verified_collector,active,exc-bundle-lovehz
Love Hz Vol.1,LHZV1 // 067/300,lhzv1_79b9e8a4c2f64e61b036044ab0b99b46,300,verified_collector,active,exc-bundle-lovehz
Love Hz Vol.1,LHZV1 // 068/300,lhzv1_62f712cd1e1948258301471df05f5e9d,300,verified_collector,active,exc-bundle-lovehz
Love Hz Vol.1,LHZV1 // 069/300,lhzv1_66d104eb6fde496e9ab3580fa9bc98e9,300,verified_collector,active,exc-bundle-lovehz
Love Hz Vol.1,LHZV1 // 070/300,lhzv1_653a4a1781d64d478350fe3f735f7559,300,verified_collector,active,exc-bundle-lovehz
Love Hz Vol.1,LHZV1 // 071/300,lhzv1_2037c3f9ab3f44e9aa53256e589245e6,300,verified_collector,active,exc-bundle-lovehz
Love Hz Vol.1,LHZV1 // 072/300,lhzv1_e4af0e91eee54de18803ac7806d31128,300,verified_collector,active,exc-bundle-lovehz
Love Hz Vol.1,LHZV1 // 073/300,lhzv1_d0b13f981bfb49d392a81860ea26a16c,300,verified_collector,active,exc-bundle-lovehz
Love Hz Vol.1,LHZV1 // 074/300,lhzv1_cdd7f31641b14573a7dfe598d0a50989,300,verified_collector,active,exc-bundle-lovehz
Love Hz Vol.1,LHZV1 // 075/300,lhzv1_3bc48dcd3830408abda45c789ff3c2a2,300,verified_collector,active,exc-bundle-lovehz
Love Hz Vol.1,LHZV1 // 076/300,lhzv1_fa568a55aa6042bdb8978a217c451a49,300,verified_collector,active,exc-bundle-lovehz
Love Hz Vol.1,LHZV1 // 077/300,lhzv1_3d339315b9da4d3b8b11eaa0ffcecad1,300,verified_collector,active,exc-bundle-lovehz
Love Hz Vol.1,LHZV1 // 078/300,lhzv1_fcde8bb1952c4d35bbee7bd678e69583,300,verified_collector,active,exc-bundle-lovehz
Love Hz Vol.1,LHZV1 // 079/300,lhzv1_f8f48f39ee884e8898715599b5e0ca9f,300,verified_collector,active,exc-bundle-lovehz
Love Hz Vol.1,LHZV1 // 080/300,lhzv1_15f1e4bdd5704334ac06f156ce5625c5,300,verified_collector,active,exc-bundle-lovehz
Love Hz Vol.1,LHZV1 // 081/300,lhzv1_8670613005874f9c8f361db37d661bb1,300,verified_collector,active,exc-bundle-lovehz
Love Hz Vol.1,LHZV1 // 082/300,lhzv1_297efc5d2ce14fb5a3ad351aa377f32f,300,verified_collector,active,exc-bundle-lovehz
Love Hz Vol.1,LHZV1 // 083/300,lhzv1_ab5dd792742447908c234dfa7fbe92a7,300,verified_collector,active,exc-bundle-lovehz
Love Hz Vol.1,LHZV1 // 084/300,lhzv1_f4372b2a72bc45eb8d875c389ee424ac,300,verified_collector,active,exc-bundle-lovehz
Love Hz Vol.1,LHZV1 // 085/300,lhzv1_4fccfa17fe7c4e19b353be456ce999bd,300,verified_collector,active,exc-bundle-lovehz
Love Hz Vol.1,LHZV1 // 086/300,lhzv1_892573f9967b47b0a2f124eed5b344b6,300,verified_collector,active,exc-bundle-lovehz
Love Hz Vol.1,LHZV1 // 087/300,lhzv1_fcdb3a6057e941078fbee12bf2b73ed2,300,verified_collector,active,exc-bundle-lovehz
Love Hz Vol.1,LHZV1 // 088/300,lhzv1_649dd29c0a6a415c9fbdea480c8e4dbd,300,verified_collector,active,exc-bundle-lovehz
Love Hz Vol.1,LHZV1 // 089/300,lhzv1_012a9515b062449aa21b0bba3898da13,300,verified_collector,active,exc-bundle-lovehz
Love Hz Vol.1,LHZV1 // 090/300,lhzv1_7f6dd4bdc84443518c66cbbbefb6d900,300,verified_collector,active,exc-bundle-lovehz
Love Hz Vol.1,LHZV1 // 091/300,lhzv1_12f48935cade43da9c0c5d05d72503e3,300,verified_collector,active,exc-bundle-lovehz
Love Hz Vol.1,LHZV1 // 092/300,lhzv1_aa79b5e7c1c241f89edecb5df72e26fd,300,verified_collector,active,exc-bundle-lovehz
Love Hz Vol.1,LHZV1 // 093/300,lhzv1_d1d4df7be6d343bf9e5a96ee25a6d6fa,300,verified_collector,active,exc-bundle-lovehz
Love Hz Vol.1,LHZV1 // 094/300,lhzv1_3375022bcbdd4b49b65b2085e924486f,300,verified_collector,active,exc-bundle-lovehz
Love Hz Vol.1,LHZV1 // 095/300,lhzv1_fd2fb7dea8d14b01983abf06633ab54a,300,verified_collector,active,exc-bundle-lovehz
Love Hz Vol.1,LHZV1 // 096/300,lhzv1_ed83526dbb90446a92431cc691a9320d,300,verified_collector,active,exc-bundle-lovehz
Love Hz Vol.1,LHZV1 // 097/300,lhzv1_17465128fb804f83bc7ca1741e29a08e,300,verified_collector,active,exc-bundle-lovehz
Love Hz Vol.1,LHZV1 // 098/300,lhzv1_d610540e0c2e49e8bc54155b81449409,300,verified_collector,active,exc-bundle-lovehz
Love Hz Vol.1,LHZV1 // 099/300,lhzv1_4a8485f63c6a45c692824a6c0bfc87de,300,verified_collector,active,exc-bundle-lovehz
Love Hz Vol.1,LHZV1 // 100/300,lhzv1_54ba8d9cb06d48788d68b0ea645b184f,300,verified_collector,active,exc-bundle-lovehz
Love Hz Vol.1,LHZV1 // 101/300,lhzv1_3d59e41f22e54f57a8c5802af5c13899,300,verified_collector,active,exc-bundle-lovehz
Love Hz Vol.1,LHZV1 // 102/300,lhzv1_2576314c26c046bc95b7371ab204ddc9,300,verified_collector,active,exc-bundle-lovehz
Love Hz Vol.1,LHZV1 // 103/300,lhzv1_1d097956c043446bb9e5f339da3a3a53,300,verified_collector,active,exc-bundle-lovehz
Love Hz Vol.1,LHZV1 // 104/300,lhzv1_d2bbb7a9648c4d3c8ba99d45cd6ac247,300,verified_collector,active,exc-bundle-lovehz
Love Hz Vol.1,LHZV1 // 105/300,lhzv1_26768f51cf224c5b8fa3eaa0edbe8194,300,verified_collector,active,exc-bundle-lovehz
Love Hz Vol.1,LHZV1 // 106/300,lhzv1_3b4fb69b1a264fe0a70156d7c5c78c48,300,verified_collector,active,exc-bundle-lovehz
Love Hz Vol.1,LHZV1 // 107/300,lhzv1_f0b5fa23916343558a03c13f9cbadaa5,300,verified_collector,active,exc-bundle-lovehz
Love Hz Vol.1,LHZV1 // 108/300,lhzv1_0e435825f7aa4e0ebe5e1cd350b62b5d,300,verified_collector,active,exc-bundle-lovehz
Love Hz Vol.1,LHZV1 // 109/300,lhzv1_04d8b708fa8d474f96ab9080bc07a871,300,verified_collector,active,exc-bundle-lovehz
Love Hz Vol.1,LHZV1 // 110/300,lhzv1_83bbde788e234252b8302bf1f2d5d09b,300,verified_collector,active,exc-bundle-lovehz
Love Hz Vol.1,LHZV1 // 111/300,lhzv1_1b101c461a354aa685666f0b31802fa5,300,verified_collector,active,exc-bundle-lovehz
Love Hz Vol.1,LHZV1 // 112/300,lhzv1_03994579e00449be8014c3884df56bd2,300,verified_collector,active,exc-bundle-lovehz
Love Hz Vol.1,LHZV1 // 113/300,lhzv1_cd798063da9e43159426e2a374249030,300,verified_collector,active,exc-bundle-lovehz
Love Hz Vol.1,LHZV1 // 114/300,lhzv1_6bbd7c14d8eb422483ec1b6700cc1c22,300,verified_collector,active,exc-bundle-lovehz
Love Hz Vol.1,LHZV1 // 115/300,lhzv1_96c4b04f05684de6a11866e64445e777,300,verified_collector,active,exc-bundle-lovehz
Love Hz Vol.1,LHZV1 // 116/300,lhzv1_8f4a06c1ce54488fafb5759a983e42f5,300,verified_collector,active,exc-bundle-lovehz
Love Hz Vol.1,LHZV1 // 117/300,lhzv1_80364d06600d4f7fa211139d4a98e51c,300,verified_collector,active,exc-bundle-lovehz
Love Hz Vol.1,LHZV1 // 118/300,lhzv1_095aac8a08fc4d0fabf26dc61468401d,300,verified_collector,active,exc-bundle-lovehz
Love Hz Vol.1,LHZV1 // 119/300,lhzv1_784e3d1a6cde4fdeafaf438d31687a67,300,verified_collector,active,exc-bundle-lovehz
Love Hz Vol.1,LHZV1 // 120/300,lhzv1_ed4003a553c542d1a1fd10b23526fe42,300,verified_collector,active,exc-bundle-lovehz
Love Hz Vol.1,LHZV1 // 121/300,lhzv1_14b1057b28df4397be5e349118951b34,300,verified_collector,active,exc-bundle-lovehz
Love Hz Vol.1,LHZV1 // 122/300,lhzv1_489707c350a44bc497390b435f877a7f,300,verified_collector,active,exc-bundle-lovehz
Love Hz Vol.1,LHZV1 // 123/300,lhzv1_587983c51fb54c4bbf3beaa49fcad293,300,verified_collector,active,exc-bundle-lovehz
Love Hz Vol.1,LHZV1 // 124/300,lhzv1_de3be657d09d472db76f4cd32e184c81,300,verified_collector,active,exc-bundle-lovehz
Love Hz Vol.1,LHZV1 // 125/300,lhzv1_0d816d8b02fe4580827aa590cf51cdcd,300,verified_collector,active,exc-bundle-lovehz
Love Hz Vol.1,LHZV1 // 126/300,lhzv1_c2d3eb8075e74427bf2681abc1b1b621,300,verified_collector,active,exc-bundle-lovehz
Love Hz Vol.1,LHZV1 // 127/300,lhzv1_65b874d05c94485a81bbb14fb4ca5b74,300,verified_collector,active,exc-bundle-lovehz
Love Hz Vol.1,LHZV1 // 128/300,lhzv1_bda1aaf1977845f1a3a34661221195f6,300,verified_collector,active,exc-bundle-lovehz
Love Hz Vol.1,LHZV1 // 129/300,lhzv1_0d554da416f04fbb8520c8db8dc92c15,300,verified_collector,active,exc-bundle-lovehz
Love Hz Vol.1,LHZV1 // 130/300,lhzv1_378b4a3a302e4f3391b30df980fe3daf,300,verified_collector,active,exc-bundle-lovehz
Love Hz Vol.1,LHZV1 // 131/300,lhzv1_bba1500ab71c4653a7ac089d7732aae1,300,verified_collector,active,exc-bundle-lovehz
Love Hz Vol.1,LHZV1 // 132/300,lhzv1_698de1cfac4e4b30bc52877ed9011213,300,verified_collector,active,exc-bundle-lovehz
Love Hz Vol.1,LHZV1 // 133/300,lhzv1_4cc63e3e55544b5a95b54c62f21e91b8,300,verified_collector,active,exc-bundle-lovehz
Love Hz Vol.1,LHZV1 // 134/300,lhzv1_0083bdb26dec4076bcf13a61c266f5a3,300,verified_collector,active,exc-bundle-lovehz
Love Hz Vol.1,LHZV1 // 135/300,lhzv1_a1e617244cdf4f22b20d7c99118ba703,300,verified_collector,active,exc-bundle-lovehz
Love Hz Vol.1,LHZV1 // 136/300,lhzv1_ea208571e3a846d7b5ae1bb1903f90a0,300,verified_collector,active,exc-bundle-lovehz
Love Hz Vol.1,LHZV1 // 137/300,lhzv1_3fc681a9627e43cd85e21a5a447e26b6,300,verified_collector,active,exc-bundle-lovehz
Love Hz Vol.1,LHZV1 // 138/300,lhzv1_6142c7fae81f496088c64365d39b40d6,300,verified_collector,active,exc-bundle-lovehz
Love Hz Vol.1,LHZV1 // 139/300,lhzv1_63065db408634c3ebe58f7c5e8a5c0b3,300,verified_collector,active,exc-bundle-lovehz
Love Hz Vol.1,LHZV1 // 140/300,lhzv1_dfceb424071e46d6a7e7f55a328ca6f3,300,verified_collector,active,exc-bundle-lovehz
Love Hz Vol.1,LHZV1 // 141/300,lhzv1_80564ea96bcd415289a8059afc84fc73,300,verified_collector,active,exc-bundle-lovehz
Love Hz Vol.1,LHZV1 // 142/300,lhzv1_83e3ec10467c4a8c9281f276c02e75dd,300,verified_collector,active,exc-bundle-lovehz
Love Hz Vol.1,LHZV1 // 143/300,lhzv1_f869af4b28e649b790d1b0ed54e7129f,300,verified_collector,active,exc-bundle-lovehz
Love Hz Vol.1,LHZV1 // 144/300,lhzv1_7c767e3a11a94505ad80275f3f9d2e1e,300,verified_collector,active,exc-bundle-lovehz
Love Hz Vol.1,LHZV1 // 145/300,lhzv1_e81c67d31a354f4a8ef797363239affd,300,verified_collector,active,exc-bundle-lovehz
Love Hz Vol.1,LHZV1 // 146/300,lhzv1_faf256a5f1bf406e88c3022512702570,300,verified_collector,active,exc-bundle-lovehz
Love Hz Vol.1,LHZV1 // 147/300,lhzv1_0baf3c30c4a64aa9aa00229b0a48debe,300,verified_collector,active,exc-bundle-lovehz
Love Hz Vol.1,LHZV1 // 148/300,lhzv1_a183af1a8b174745908765e1d98ba671,300,verified_collector,active,exc-bundle-lovehz
Love Hz Vol.1,LHZV1 // 149/300,lhzv1_f48fe9b7d3734fa9b00b419ec9eab674,300,verified_collector,active,exc-bundle-lovehz
Love Hz Vol.1,LHZV1 // 150/300,lhzv1_b9fa1900e8e947f78a094be81596db81,300,verified_collector,active,exc-bundle-lovehz
Love Hz Vol.1,LHZV1 // 151/300,lhzv1_699abe5217624da28e22562542dcc42e,300,verified_collector,active,exc-bundle-lovehz
Love Hz Vol.1,LHZV1 // 152/300,lhzv1_26d13c27a7584b13afe08b61322c8478,300,verified_collector,active,exc-bundle-lovehz
Love Hz Vol.1,LHZV1 // 153/300,lhzv1_e705f0b5be7644b39c59a1c016dc98ef,300,verified_collector,active,exc-bundle-lovehz
Love Hz Vol.1,LHZV1 // 154/300,lhzv1_020e37c7392b4519883e3db22b6f90a1,300,verified_collector,active,exc-bundle-lovehz
Love Hz Vol.1,LHZV1 // 155/300,lhzv1_0bea9367f94e431bb14d83e74b8af28b,300,verified_collector,active,exc-bundle-lovehz
Love Hz Vol.1,LHZV1 // 156/300,lhzv1_368b2172dcf1469184395318e9f826c8,300,verified_collector,active,exc-bundle-lovehz
Love Hz Vol.1,LHZV1 // 157/300,lhzv1_c250d143abe9455685ceeec301874a6e,300,verified_collector,active,exc-bundle-lovehz
Love Hz Vol.1,LHZV1 // 158/300,lhzv1_00516d98c7ec4b5f939e2be8079d7111,300,verified_collector,active,exc-bundle-lovehz
Love Hz Vol.1,LHZV1 // 159/300,lhzv1_6986184be74f4ac89209e2332abe9c1e,300,verified_collector,active,exc-bundle-lovehz
Love Hz Vol.1,LHZV1 // 160/300,lhzv1_99c268cb28a641dba7c27059eeed91a2,300,verified_collector,active,exc-bundle-lovehz
Love Hz Vol.1,LHZV1 // 161/300,lhzv1_7e64c98f0149429d90be930f03b34b81,300,verified_collector,active,exc-bundle-lovehz
Love Hz Vol.1,LHZV1 // 162/300,lhzv1_229ecf9afae14a0bb57d15412fc02e22,300,verified_collector,active,exc-bundle-lovehz
Love Hz Vol.1,LHZV1 // 163/300,lhzv1_67fc9688069643dcb204127938d7ffee,300,verified_collector,active,exc-bundle-lovehz
Love Hz Vol.1,LHZV1 // 164/300,lhzv1_35d5cc0d26334a559a5849e0799d515e,300,verified_collector,active,exc-bundle-lovehz
Love Hz Vol.1,LHZV1 // 165/300,lhzv1_2ec585f5ee4b42bbb579e65f9a47b218,300,verified_collector,active,exc-bundle-lovehz
Love Hz Vol.1,LHZV1 // 166/300,lhzv1_e1a98cd98b814c4c8efa521ae7e98338,300,verified_collector,active,exc-bundle-lovehz
Love Hz Vol.1,LHZV1 // 167/300,lhzv1_b5331525a1da486e93a335450742885a,300,verified_collector,active,exc-bundle-lovehz
Love Hz Vol.1,LHZV1 // 168/300,lhzv1_c790b1f1bfe74935a7092e5382245c51,300,verified_collector,active,exc-bundle-lovehz
Love Hz Vol.1,LHZV1 // 169/300,lhzv1_43e3bdd176fa41a08e9f8cf18571b2b7,300,verified_collector,active,exc-bundle-lovehz
Love Hz Vol.1,LHZV1 // 170/300,lhzv1_1ee3b7e7ce6d45a6855b9b5b756ec54d,300,verified_collector,active,exc-bundle-lovehz
Love Hz Vol.1,LHZV1 // 171/300,lhzv1_0fce769e87464d0992d4ee158a80d52d,300,verified_collector,active,exc-bundle-lovehz
Love Hz Vol.1,LHZV1 // 172/300,lhzv1_37f872bad3bc45f3835af84996855750,300,verified_collector,active,exc-bundle-lovehz
Love Hz Vol.1,LHZV1 // 173/300,lhzv1_7164b0a472e14609921f57cb65450ab6,300,verified_collector,active,exc-bundle-lovehz
Love Hz Vol.1,LHZV1 // 174/300,lhzv1_c3f3ece0d4f84a03b78ef19136ec78f6,300,verified_collector,active,exc-bundle-lovehz
Love Hz Vol.1,LHZV1 // 175/300,lhzv1_ad75ff0ad5624f86b6b475c972363836,300,verified_collector,active,exc-bundle-lovehz
Love Hz Vol.1,LHZV1 // 176/300,lhzv1_5cdaf7caf35e4354864bf9c63dc954df,300,verified_collector,active,exc-bundle-lovehz
Love Hz Vol.1,LHZV1 // 177/300,lhzv1_50b68eb864844296a9d71960fbaec248,300,verified_collector,active,exc-bundle-lovehz
Love Hz Vol.1,LHZV1 // 178/300,lhzv1_c8ef5573db1f4685b97f410715e67bc6,300,verified_collector,active,exc-bundle-lovehz
Love Hz Vol.1,LHZV1 // 179/300,lhzv1_e4c2f73c48184da58576c84eff5a1d36,300,verified_collector,active,exc-bundle-lovehz
Love Hz Vol.1,LHZV1 // 180/300,lhzv1_7dbbb5e7c96c42c2b1cf6a2aa25d3e53,300,verified_collector,active,exc-bundle-lovehz
Love Hz Vol.1,LHZV1 // 181/300,lhzv1_f688cba5009d4bb6a5689d171ab8fca4,300,verified_collector,active,exc-bundle-lovehz
Love Hz Vol.1,LHZV1 // 182/300,lhzv1_1a08c2e7fb5748f8a3b52d65c45465d0,300,verified_collector,active,exc-bundle-lovehz
Love Hz Vol.1,LHZV1 // 183/300,lhzv1_ec79ce0066e3446da6376a47ba7ac43c,300,verified_collector,active,exc-bundle-lovehz
Love Hz Vol.1,LHZV1 // 184/300,lhzv1_b2c60fb958ab4b5c849990b15fdbcadb,300,verified_collector,active,exc-bundle-lovehz
Love Hz Vol.1,LHZV1 // 185/300,lhzv1_7b8e2e60118f43f6899323c9b089b5f4,300,verified_collector,active,exc-bundle-lovehz
Love Hz Vol.1,LHZV1 // 186/300,lhzv1_ac3af0623ae84bb5871707ead05a3425,300,verified_collector,active,exc-bundle-lovehz
Love Hz Vol.1,LHZV1 // 187/300,lhzv1_f06e19dd5ec941829554959c6756b229,300,verified_collector,active,exc-bundle-lovehz
Love Hz Vol.1,LHZV1 // 188/300,lhzv1_9a5e1f37d50b483eacdcd46f3add3901,300,verified_collector,active,exc-bundle-lovehz
Love Hz Vol.1,LHZV1 // 189/300,lhzv1_4faa952e4b3b43819243cf92d793ef4a,300,verified_collector,active,exc-bundle-lovehz
Love Hz Vol.1,LHZV1 // 190/300,lhzv1_cebef6ea9608483084d2e38a4074c6de,300,verified_collector,active,exc-bundle-lovehz
Love Hz Vol.1,LHZV1 // 191/300,lhzv1_26fe76f10e8548f4a3769827426a8724,300,verified_collector,active,exc-bundle-lovehz
Love Hz Vol.1,LHZV1 // 192/300,lhzv1_28fe530e89404a368c4d51ee88e0d7bd,300,verified_collector,active,exc-bundle-lovehz
Love Hz Vol.1,LHZV1 // 193/300,lhzv1_a88d3bfdf59442ea9c2432d76e9f849c,300,verified_collector,active,exc-bundle-lovehz
Love Hz Vol.1,LHZV1 // 194/300,lhzv1_a3873d1e512240ac9608e49b4c3d2580,300,verified_collector,active,exc-bundle-lovehz
Love Hz Vol.1,LHZV1 // 195/300,lhzv1_1270264fade14665af8b34166b294dc6,300,verified_collector,active,exc-bundle-lovehz
Love Hz Vol.1,LHZV1 // 196/300,lhzv1_ad401908bf874e1484982b590cbda324,300,verified_collector,active,exc-bundle-lovehz
Love Hz Vol.1,LHZV1 // 197/300,lhzv1_972654330c7c44e1ae0f1edb40e747f2,300,verified_collector,active,exc-bundle-lovehz
Love Hz Vol.1,LHZV1 // 198/300,lhzv1_6683f2bfc21f4715b078485610b584ec,300,verified_collector,active,exc-bundle-lovehz
Love Hz Vol.1,LHZV1 // 199/300,lhzv1_be2bc145c9244e29a47fd5e4dcc54ba1,300,verified_collector,active,exc-bundle-lovehz
Love Hz Vol.1,LHZV1 // 200/300,lhzv1_6474354ef5f14cf0858baa1b6e6a87e2,300,verified_collector,active,exc-bundle-lovehz
Love Hz Vol.1,LHZV1 // 201/300,lhzv1_0523e30a36604a7299bada5708acbe41,300,verified_collector,active,exc-bundle-lovehz
Love Hz Vol.1,LHZV1 // 202/300,lhzv1_2977e325a27d48be9225b448f24f1d43,300,verified_collector,active,exc-bundle-lovehz
Love Hz Vol.1,LHZV1 // 203/300,lhzv1_8bf8d7f7412d4363bc296dedc6d6de77,300,verified_collector,active,exc-bundle-lovehz
Love Hz Vol.1,LHZV1 // 204/300,lhzv1_eccb2b28b6ec4f01bedb10da1bb3b762,300,verified_collector,active,exc-bundle-lovehz
Love Hz Vol.1,LHZV1 // 205/300,lhzv1_ab8aa656529d40d991ee1075d0116de5,300,verified_collector,active,exc-bundle-lovehz
Love Hz Vol.1,LHZV1 // 206/300,lhzv1_8912bbe1792c4772b1e488a2d40793d1,300,verified_collector,active,exc-bundle-lovehz
Love Hz Vol.1,LHZV1 // 207/300,lhzv1_fccb19ad3ee243898de8bf5001c632ba,300,verified_collector,active,exc-bundle-lovehz
Love Hz Vol.1,LHZV1 // 208/300,lhzv1_bd538718db8e47bab2ab44035461967c,300,verified_collector,active,exc-bundle-lovehz
Love Hz Vol.1,LHZV1 // 209/300,lhzv1_affd3cb9c7fe4d479e18a5dfd79dae35,300,verified_collector,active,exc-bundle-lovehz
Love Hz Vol.1,LHZV1 // 210/300,lhzv1_0a96588ccb82430e952889cb45f812d5,300,verified_collector,active,exc-bundle-lovehz
Love Hz Vol.1,LHZV1 // 211/300,lhzv1_1d89caaaa7aa406282c2ac8148a136f5,300,verified_collector,active,exc-bundle-lovehz
Love Hz Vol.1,LHZV1 // 212/300,lhzv1_e52914ccc16e4537b909818805a981b6,300,verified_collector,active,exc-bundle-lovehz
Love Hz Vol.1,LHZV1 // 213/300,lhzv1_5c933f0b02724a0e9dc9003862ee1271,300,verified_collector,active,exc-bundle-lovehz
Love Hz Vol.1,LHZV1 // 214/300,lhzv1_f7b3cafc30e949b6b967dd8c419c02c8,300,verified_collector,active,exc-bundle-lovehz
Love Hz Vol.1,LHZV1 // 215/300,lhzv1_710f7d00ba094f15bb5021ab3ea78459,300,verified_collector,active,exc-bundle-lovehz
Love Hz Vol.1,LHZV1 // 216/300,lhzv1_612afcf254654ff5968c97bde58e8d65,300,verified_collector,active,exc-bundle-lovehz
Love Hz Vol.1,LHZV1 // 217/300,lhzv1_0f5744486b53432883f5bf59f8f85d6f,300,verified_collector,active,exc-bundle-lovehz
Love Hz Vol.1,LHZV1 // 218/300,lhzv1_840b247f06234faa8706848f63b162de,300,verified_collector,active,exc-bundle-lovehz
Love Hz Vol.1,LHZV1 // 219/300,lhzv1_53b69b7c79e645d7a2d795ee38725419,300,verified_collector,active,exc-bundle-lovehz
Love Hz Vol.1,LHZV1 // 220/300,lhzv1_82f17b908dcf4c4b9a32e873c330a700,300,verified_collector,active,exc-bundle-lovehz
Love Hz Vol.1,LHZV1 // 221/300,lhzv1_2e2a8be0813342639ffe0d0cd8f8c40f,300,verified_collector,active,exc-bundle-lovehz
Love Hz Vol.1,LHZV1 // 222/300,lhzv1_f244399b5fb14407a16aa0ae556a62e9,300,verified_collector,active,exc-bundle-lovehz
Love Hz Vol.1,LHZV1 // 223/300,lhzv1_737026a685684a169e8dee9afd93abf4,300,verified_collector,active,exc-bundle-lovehz
Love Hz Vol.1,LHZV1 // 224/300,lhzv1_dccc5db0319b4c298172abc0a2ae9f53,300,verified_collector,active,exc-bundle-lovehz
Love Hz Vol.1,LHZV1 // 225/300,lhzv1_f8b621c1795e447e8a3837f8acdb8305,300,verified_collector,active,exc-bundle-lovehz
Love Hz Vol.1,LHZV1 // 226/300,lhzv1_d074f2ee33ab442aaf2d51bea7952afe,300,verified_collector,active,exc-bundle-lovehz
Love Hz Vol.1,LHZV1 // 227/300,lhzv1_c5e44ab7be654f05a31a8db0c537f8c9,300,verified_collector,active,exc-bundle-lovehz
Love Hz Vol.1,LHZV1 // 228/300,lhzv1_f0954e1478864a9daf9e85dfffcda59b,300,verified_collector,active,exc-bundle-lovehz
Love Hz Vol.1,LHZV1 // 229/300,lhzv1_61707467a66a467586f39666523c952a,300,verified_collector,active,exc-bundle-lovehz
Love Hz Vol.1,LHZV1 // 230/300,lhzv1_23542c7c0b0d4951b59d8c6b50a170ba,300,verified_collector,active,exc-bundle-lovehz
Love Hz Vol.1,LHZV1 // 231/300,lhzv1_c2f93a0de7ce4874944bfba47f29f36a,300,verified_collector,active,exc-bundle-lovehz
Love Hz Vol.1,LHZV1 // 232/300,lhzv1_3384c51627d24a72b4efc8f917537d19,300,verified_collector,active,exc-bundle-lovehz
Love Hz Vol.1,LHZV1 // 233/300,lhzv1_693648e24b2b429cae68bc6c7721d10f,300,verified_collector,active,exc-bundle-lovehz
Love Hz Vol.1,LHZV1 // 234/300,lhzv1_780c0c3421da4a7683f6cdf2866a8017,300,verified_collector,active,exc-bundle-lovehz
Love Hz Vol.1,LHZV1 // 235/300,lhzv1_8b26f110c989448587af9dc66cfda9d5,300,verified_collector,active,exc-bundle-lovehz
Love Hz Vol.1,LHZV1 // 236/300,lhzv1_9c3eb305e0534161a05482efbb29f262,300,verified_collector,active,exc-bundle-lovehz
Love Hz Vol.1,LHZV1 // 237/300,lhzv1_adb249454dab44e49c04440a784f7eef,300,verified_collector,active,exc-bundle-lovehz
Love Hz Vol.1,LHZV1 // 238/300,lhzv1_a13462c4a4f04bd5afaa2674c5653729,300,verified_collector,active,exc-bundle-lovehz
Love Hz Vol.1,LHZV1 // 239/300,lhzv1_bde989d2fb3242dd9901b9409a1f0b36,300,verified_collector,active,exc-bundle-lovehz
Love Hz Vol.1,LHZV1 // 240/300,lhzv1_1856898abb1545478069dcf4eb238da9,300,verified_collector,active,exc-bundle-lovehz
Love Hz Vol.1,LHZV1 // 241/300,lhzv1_3756c7cd7c1045978210b2d1ec8a4f23,300,verified_collector,active,exc-bundle-lovehz
Love Hz Vol.1,LHZV1 // 242/300,lhzv1_a9f0fd1f2baa4eedaead3d942a266283,300,verified_collector,active,exc-bundle-lovehz
Love Hz Vol.1,LHZV1 // 243/300,lhzv1_406b20f2f0e74f9e9cafd6c840702cfb,300,verified_collector,active,exc-bundle-lovehz
Love Hz Vol.1,LHZV1 // 244/300,lhzv1_d6251e10d1fd493290fcfa8cfbd282a1,300,verified_collector,active,exc-bundle-lovehz
Love Hz Vol.1,LHZV1 // 245/300,lhzv1_0f591c8c67464d98aa41692fd23e97e9,300,verified_collector,active,exc-bundle-lovehz
Love Hz Vol.1,LHZV1 // 246/300,lhzv1_1f2057cd1dcf41f7a1f84caf0e1fca2d,300,verified_collector,active,exc-bundle-lovehz
Love Hz Vol.1,LHZV1 // 247/300,lhzv1_5b6ab6b596a54053ada5028122db981c,300,verified_collector,active,exc-bundle-lovehz
Love Hz Vol.1,LHZV1 // 248/300,lhzv1_b963a202cb6a4ce380360065aad9773f,300,verified_collector,active,exc-bundle-lovehz
Love Hz Vol.1,LHZV1 // 249/300,lhzv1_ac2bf9c024c24c9fad9bc34efd265aa7,300,verified_collector,active,exc-bundle-lovehz
Love Hz Vol.1,LHZV1 // 250/300,lhzv1_10b13b189f174fd3a110b9920a84253d,300,verified_collector,active,exc-bundle-lovehz
Love Hz Vol.1,LHZV1 // 251/300,lhzv1_95fe6fa8acb74d5398e807c6ef8e8632,300,verified_collector,active,exc-bundle-lovehz
Love Hz Vol.1,LHZV1 // 252/300,lhzv1_207815a3b4d34b28884875c129753a3d,300,verified_collector,active,exc-bundle-lovehz
Love Hz Vol.1,LHZV1 // 253/300,lhzv1_8ca6cb3010d04816aced5036b377aa1a,300,verified_collector,active,exc-bundle-lovehz
Love Hz Vol.1,LHZV1 // 254/300,lhzv1_41a459fd361041bebd220799d681fe34,300,verified_collector,active,exc-bundle-lovehz
Love Hz Vol.1,LHZV1 // 255/300,lhzv1_e1751628199740cea46cf6f47f24e2df,300,verified_collector,active,exc-bundle-lovehz
Love Hz Vol.1,LHZV1 // 256/300,lhzv1_643fc5cf63824cbeb12132d2a22f0ffc,300,verified_collector,active,exc-bundle-lovehz
Love Hz Vol.1,LHZV1 // 257/300,lhzv1_9576a63ca2e64160935c8cb9a321cc21,300,verified_collector,active,exc-bundle-lovehz
Love Hz Vol.1,LHZV1 // 258/300,lhzv1_8a1094567c704ac7b63350ad2cf019a2,300,verified_collector,active,exc-bundle-lovehz
Love Hz Vol.1,LHZV1 // 259/300,lhzv1_08f3b4e0415548dbb0db03028718181d,300,verified_collector,active,exc-bundle-lovehz
Love Hz Vol.1,LHZV1 // 260/300,lhzv1_d24ba158253043df9cb684a7d9c901ed,300,verified_collector,active,exc-bundle-lovehz
Love Hz Vol.1,LHZV1 // 261/300,lhzv1_a06e8def66bc467f8c303322f5b5c369,300,verified_collector,active,exc-bundle-lovehz
Love Hz Vol.1,LHZV1 // 262/300,lhzv1_42a1700b7ec34063b279ae2ff6566259,300,verified_collector,active,exc-bundle-lovehz
Love Hz Vol.1,LHZV1 // 263/300,lhzv1_00c70e3bc3f34daba49c09274daad61e,300,verified_collector,active,exc-bundle-lovehz
Love Hz Vol.1,LHZV1 // 264/300,lhzv1_30de0494913c4fe28d81122e0aad23d2,300,verified_collector,active,exc-bundle-lovehz
Love Hz Vol.1,LHZV1 // 265/300,lhzv1_bde38b7a149448ef82539855d3da3062,300,verified_collector,active,exc-bundle-lovehz
Love Hz Vol.1,LHZV1 // 266/300,lhzv1_2f5eedf3e16041bf95bb57c1ccfa8a76,300,verified_collector,active,exc-bundle-lovehz
Love Hz Vol.1,LHZV1 // 267/300,lhzv1_2c90f41bd61f4635a60eb6955e016e1a,300,verified_collector,active,exc-bundle-lovehz
Love Hz Vol.1,LHZV1 // 268/300,lhzv1_fc0ebedf3b294da2996920d83cdb963b,300,verified_collector,active,exc-bundle-lovehz
Love Hz Vol.1,LHZV1 // 269/300,lhzv1_5b5db121e0354140bbd29b1d86fd8cbf,300,verified_collector,active,exc-bundle-lovehz
Love Hz Vol.1,LHZV1 // 270/300,lhzv1_c772c24fe8434fa29d132b6fc714761b,300,verified_collector,active,exc-bundle-lovehz
Love Hz Vol.1,LHZV1 // 271/300,lhzv1_dc7fed0a02b34d15a6dd66caafafbada,300,verified_collector,active,exc-bundle-lovehz
Love Hz Vol.1,LHZV1 // 272/300,lhzv1_df91e472fae64cbfb005d7b115e71e6e,300,verified_collector,active,exc-bundle-lovehz
Love Hz Vol.1,LHZV1 // 273/300,lhzv1_b00d70798c9447efafe1607df9b7f1f1,300,verified_collector,active,exc-bundle-lovehz
Love Hz Vol.1,LHZV1 // 274/300,lhzv1_bc70d6d02068422cbfe43720e698a307,300,verified_collector,active,exc-bundle-lovehz
Love Hz Vol.1,LHZV1 // 275/300,lhzv1_da1891089a384b678c8cdc8d475a12d0,300,verified_collector,active,exc-bundle-lovehz
Love Hz Vol.1,LHZV1 // 276/300,lhzv1_0652ef38318f489db66e27e0944c5b63,300,verified_collector,active,exc-bundle-lovehz
Love Hz Vol.1,LHZV1 // 277/300,lhzv1_e643adcae87a4fe1851b425882daa93b,300,verified_collector,active,exc-bundle-lovehz
Love Hz Vol.1,LHZV1 // 278/300,lhzv1_a0a214d41e4d4c5e80cb9061851ff2f3,300,verified_collector,active,exc-bundle-lovehz
Love Hz Vol.1,LHZV1 // 279/300,lhzv1_52279c754e5f47b298ffcfd95bdc7e7c,300,verified_collector,active,exc-bundle-lovehz
Love Hz Vol.1,LHZV1 // 280/300,lhzv1_28f3fcced13f47f28edc3f6005d7b644,300,verified_collector,active,exc-bundle-lovehz
Love Hz Vol.1,LHZV1 // 281/300,lhzv1_65f333609dc844aead97701a57003bd9,300,verified_collector,active,exc-bundle-lovehz
Love Hz Vol.1,LHZV1 // 282/300,lhzv1_7cc0328a5289423eb8c4e0fcb698bb30,300,verified_collector,active,exc-bundle-lovehz
Love Hz Vol.1,LHZV1 // 283/300,lhzv1_7db6923a75a3479f9b43fdcc05c6d636,300,verified_collector,active,exc-bundle-lovehz
Love Hz Vol.1,LHZV1 // 284/300,lhzv1_a62bfc4c184c44c18de2b848171c73b7,300,verified_collector,active,exc-bundle-lovehz
Love Hz Vol.1,LHZV1 // 285/300,lhzv1_42549ae21e854cbca7042c4134a48086,300,verified_collector,active,exc-bundle-lovehz
Love Hz Vol.1,LHZV1 // 286/300,lhzv1_6b13c75832044307bc8e877eee027af7,300,verified_collector,active,exc-bundle-lovehz
Love Hz Vol.1,LHZV1 // 287/300,lhzv1_a0d78d08effd4a2ea70cd5fbc0bf9aef,300,verified_collector,active,exc-bundle-lovehz
Love Hz Vol.1,LHZV1 // 288/300,lhzv1_0f932590f0e14566bf049d511b5144d3,300,verified_collector,active,exc-bundle-lovehz
Love Hz Vol.1,LHZV1 // 289/300,lhzv1_c5b5d228e4cf4ddb965d5b8a6b917abb,300,verified_collector,active,exc-bundle-lovehz
Love Hz Vol.1,LHZV1 // 290/300,lhzv1_8baccaa250bf41838ab401485d18245b,300,verified_collector,active,exc-bundle-lovehz
Love Hz Vol.1,LHZV1 // 291/300,lhzv1_c0db16339cc1453cb6ec8f74a534c032,300,verified_collector,active,exc-bundle-lovehz
Love Hz Vol.1,LHZV1 // 292/300,lhzv1_f70b4ea3b7c64293bf8236faf27a6079,300,verified_collector,active,exc-bundle-lovehz
Love Hz Vol.1,LHZV1 // 293/300,lhzv1_56f71741b22e45fb9cb6aba8aba67733,300,verified_collector,active,exc-bundle-lovehz
Love Hz Vol.1,LHZV1 // 294/300,lhzv1_1dde8b72b17546069cd9e9254304cd26,300,verified_collector,active,exc-bundle-lovehz
Love Hz Vol.1,LHZV1 // 295/300,lhzv1_19139eb184b54a688fe496e7b8cca1d0,300,verified_collector,active,exc-bundle-lovehz
Love Hz Vol.1,LHZV1 // 296/300,lhzv1_542fbec12aed454785b0007058f7ed4b,300,verified_collector,active,exc-bundle-lovehz
Love Hz Vol.1,LHZV1 // 297/300,lhzv1_18f59d4628f04f3ba83384665bcf9518,300,verified_collector,active,exc-bundle-lovehz
Love Hz Vol.1,LHZV1 // 298/300,lhzv1_00e3909e3729442e98c0c44e1f667ae2,300,verified_collector,active,exc-bundle-lovehz
Love Hz Vol.1,LHZV1 // 299/300,lhzv1_87760cb575ef4efc933c546f927055a5,300,verified_collector,active,exc-bundle-lovehz
Love Hz Vol.1,LHZV1 // 300/300,lhzv1_5bbb30bdaf7d429e917f990677ac6fcf,300,verified_collector,active,exc-bundle-lovehz
